clean_name,year,total_spending,total_claims,manufacturer_count,first_generic_year,cost_per_claim,generic_imminent,monopoly_risk,revenue_share,risk_score
eliquis,2023,7304981234.5,12126472.0,1,,602.399546587004,0,1.0,0.040823319062651284,1.2164663812530256
revlimid,2023,4673095051.6,307890.0,1,,15177.807176589044,0,1.0,0.02611522797630038,0.9223045595260077
xarelto,2023,4076953903.0,6315952.0,1,,645.5010904136067,0,1.0,0.022783739566619478,0.8556747913323896
januvia,2023,3535674312.3,4757046.0,1,,743.2499732607168,0,1.0,0.01975884070324001,0.7951768140648002
lantus solostar,2023,2495607645.5,4421942.0,1,,564.3691494596718,0,1.0,0.013946509087016388,0.6789301817403277
imbruvica,2023,2439968991.1,206107.0,1,,11838.36061414702,0,1.0,0.01363557679740822,0.6727115359481644
trulicity,2023,2272876283.7,2138442.0,1,,1062.8655271922269,0,1.0,0.012701792207378491,0.6540358441475698
lyrica,2023,2028232803.05,3446637.0,1,,588.4671936876439,0,1.0,0.011334621157026561,0.6266924231405313
symbicort,2023,2015902102.1,4409932.0,1,,457.1277067537549,0,1.0,0.011265711994499132,0.6253142398899827
ibrance,2023,1826116445.6,150204.0,1,,12157.575334877898,0,1.0,0.010205109624677364,0.6041021924935474
humira pen,2023,1749371715.9,267832.0,1,,6531.6008389587505,0,1.0,0.009776227675997798,0.595524553519956
levemir flextouch,2023,1622076814.2,2516819.0,1,,644.4948223134044,0,1.0,0.009064850025552181,0.5812970005110436
victoza 3pak,2023,1526957830.4,1120952.0,1,,1362.1973379770054,0,1.0,0.008533284987952418,0.5706656997590485
advair diskus,2023,1449199813.2,2681911.0,1,,540.3608893807439,0,1.0,0.008098740360945994,0.5619748072189199
jardiance,2023,1447618561.9,1812087.0,1,,798.868134863282,0,1.0,0.008089903661128989,0.5617980732225798
myrbetriq,2023,1444965897.0,2773288.0,1,,521.0298739258238,0,1.0,0.008075079449799388,0.5615015889959878
xtandi,2023,1420960112.9,125338.0,1,,11337.025586015416,0,1.0,0.00794092499379133,0.5588184998758267
restasis,2023,1355216502.9,1648716.0,1,,821.9829873064858,0,1.0,0.007573521946308456,0.5514704389261691
breo ellipta,2023,1339538932.1,3070084.0,1,,436.3199613105048,0,1.0,0.007485909062120188,0.5497181812424038
enbrel sureclick,2023,1291371956.3,210624.0,1,,6131.171928650107,0,1.0,0.007216731666827264,0.5443346333365453
spiriva handihaler,2023,1275485307.6,2011325.0,1,,634.15176940574,0,1.0,0.007127950367067943,0.5425590073413589
invega sustenna,2023,1249854888.3,547532.0,1,,2282.70656016452,0,1.0,0.006984716763694416,0.5396943352738883
humalog kwikpen u100,2023,1218056279.4,1595961.0,1,,763.2118074313846,0,1.0,0.0068070127128280885,0.5361402542565619
humiracf pen,2023,1205499314.8,183509.0,1,,6569.156361813317,0,1.0,0.006736839093503341,0.5347367818700668
pomalyst,2023,1192203837.9,68971.0,1,,17285.581445825057,0,1.0,0.006662538355670446,0.533250767113409
tradjenta,2023,1187508657.9,1890068.0,1,,628.2888541047201,0,1.0,0.006636299707678943,0.5327259941535789
lantus,2023,1158800854.5,2050972.0,1,,565.0008164421553,0,1.0,0.006475868382783653,0.529517367655673
tecfidera,2023,1131042461.4,123304.0,1,,9172.796189904626,0,1.0,0.006320742763454754,0.5264148552690951
jakafi,2023,1124858034.6,85335.0,1,,13181.67263842503,0,1.0,0.006286181575633537,0.5257236315126708
biktarvy,2023,1119532432.1,341048.0,1,,3282.62424086932,0,1.0,0.006256419860568265,0.5251283972113654
janumet,2023,1065917495.23,1474046.0,1,,723.1236306261812,0,1.0,0.0059567969588651196,0.5191359391773024
epclusa,2023,1015500824.7,41556.0,1,,24436.92426364424,0,1.0,0.005675047319673387,0.5135009463934678
linzess,2023,983904809.21,1712232.0,1,,574.6328822320808,0,1.0,0.005498475446310453,0.5099695089262091
shingrix,2023,959025370.72,5769590.0,1,,166.22071424832615,0,1.0,0.0053594386407427525,0.5071887728148551
prednisolone,2023,1035722.4,49481.0,4,2025.0,20.931719245771106,1,0.25,5.788054019337802e-06,0.5001157610803868
tresiba flextouch u200,2023,843742478.14,790164.0,1,,1067.806782060433,0,1.0,0.004715189168337253,0.4943037833667451
copaxone,2023,836919238.59,128170.0,1,,6529.759215026917,0,1.0,0.004677058025183178,0.4935411605036636
anoro ellipta,2023,825920277.27,1599052.0,1,,516.5062032191573,0,1.0,0.004615591185925123,0.49231182371850246
trelegy ellipta,2023,821431680.72,1190855.0,1,,689.7831228151202,0,1.0,0.004590507013465,0.49181014026930003
entresto,2023,811917682.91,1142542.0,1,,710.6239270941462,0,1.0,0.004537338777203872,0.4907467755440775
creon,2023,809796978.62,722168.0,1,,1121.3415418849906,0,1.0,0.00452548738633933,0.4905097477267866
genvoya,2023,797201273.22,241764.0,1,,3297.4358184841417,0,1.0,0.0044550972670690855,0.48910194534138174
stelara,2023,796002364.19,41716.0,1,,19081.464286844377,0,1.0,0.004448397257269247,0.488967945145385
ofev,2023,789546950.81,77655.0,1,,10167.367855386,0,1.0,0.004412321682037316,0.4882464336407463
xeljanz,2023,762843617.74,157158.0,1,,4853.99163733313,0,1.0,0.00426309218356791,0.4852618436713582
xifaxan,2023,762215285.28,364021.0,1,,2093.8772358737547,0,1.0,0.004259580796520006,0.48519161593040017
triumeq,2023,745768144.0,239979.0,1,,3107.6391850953623,0,1.0,0.004167667227602002,0.48335334455204004
harvoni,2023,744736836.09,23000.0,1,,32379.862438695654,0,1.0,0.004161903843616438,0.4832380768723288
aubagio,2023,716372793.49,80986.0,1,,8845.63743721137,0,1.0,0.00400339359919612,0.4800678719839224
spiriva respimat,2023,671152357.13,1222865.0,1,,548.8360179823611,0,1.0,0.0037506827102265394,0.4750136542045308
acthar,2023,668892380.25,10968.0,1,,60985.81147428884,0,1.0,0.0037380530053327432,0.47476106010665486
tivicay,2023,644161666.01,329736.0,1,,1953.5679028374213,0,1.0,0.003599847333660559,0.47199694667321124
tagrisso,2023,640651418.67,41231.0,1,,15538.100426135674,0,1.0,0.0035802305896129676,0.4716046117922594
vimpat,2023,636391638.59,726686.0,1,,875.7450103483486,0,1.0,0.0035564251401860375,0.47112850280372076
basaglar kwikpen u100,2023,636253622.07,1695864.0,1,,375.1796264735852,0,1.0,0.0035556538456062146,0.47111307691212434
pradaxa,2023,627047700.54,1033883.0,1,,606.4977376937235,0,1.0,0.003504207269657461,0.47008414539314924
oxycontin,2023,622970196.55,986438.0,1,,631.5350752404104,0,1.0,0.0034814204559724567,0.46962840911944914
dexilant,2023,618678619.44,1424797.0,1,,434.22229232655604,0,1.0,0.00345743731131822,0.46914874622636443
esbriet,2023,617900165.36,65773.0,1,,9394.434879965944,0,1.0,0.0034530869812813164,0.46906173962562636
toujeo solostar,2023,600891193.95,848909.0,1,,707.8393490350556,0,1.0,0.0033580336684105585,0.4671606733682112
enbrel,2023,597695545.92,99692.0,1,,5995.4213569794965,0,1.0,0.003340175038120791,0.46680350076241584
lumigan,2023,594446023.86,1744546.0,1,,340.74539958247016,0,1.0,0.0033220153370075297,0.46644030674015063
ingrezza,2023,571226455.2,85799.0,1,,6657.728588911294,0,1.0,0.0031922545847926477,0.463845091695853
ozempic,2023,552401781.35,523508.0,1,,1055.1926261871834,0,1.0,0.003087054360156958,0.4617410872031392
incruse ellipta,2023,550842944.65,1329557.0,1,,414.3056255955931,0,1.0,0.003078342922587464,0.4615668584517493
humalog,2023,549236374.47,1053989.0,1,,521.1025679300259,0,1.0,0.0030693647301802155,0.46138729460360434
forteo,2023,546536237.08,142040.0,1,,3847.762863137145,0,1.0,0.0030542752225351617,0.4610855044507033
opsumit,2023,541945046.13,53301.0,1,,10167.63374289413,0,1.0,0.003028617709255836,0.4605723541851168
brilinta,2023,541645265.8,1019121.0,1,,531.4827834967584,0,1.0,0.0030269424102143407,0.4605388482042868
mavyret,2023,538928460.83,39708.0,1,,13572.289232144658,0,1.0,0.0030117597570957395,0.4602351951419148
descovy,2023,524665873.27,283754.0,1,,1849.0166597475277,0,1.0,0.002932054396612259,0.45864108793224523
levemir,2023,518753033.57,879483.0,1,,589.8386137878731,0,1.0,0.0028990109521610384,0.4579802190432208
combivent respimat,2023,508195502.17,924971.0,1,,549.4177678759659,0,1.0,0.0028400110096532248,0.45680022019306454
farxiga,2023,508113445.73,642707.0,1,,790.5833384886115,0,1.0,0.0028395524436249583,0.4567910488724992
ventolin hfa,2023,499768121.76,7293105.0,1,,68.52611086224591,0,1.0,0.0027929152501576402,0.45585830500315283
vascepa,2023,489390056.31,1279469.0,1,,382.4946570100565,0,1.0,0.0027349182391430836,0.4546983647828617
invokana,2023,486292667.96,586272.0,1,,829.4659611238469,0,1.0,0.002717608725427181,0.45435217450854365
humira,2023,484881025.95,74567.0,1,,6502.622151219708,0,1.0,0.0027097198739261933,0.4541943974785239
tresiba flextouch u100,2023,472203376.07,791273.0,1,,596.76417124052,0,1.0,0.002638871814307427,0.4527774362861486
gilenya,2023,468266684.0,51764.0,1,,9046.1842979677,0,1.0,0.002616871917077572,0.4523374383415515
nitroglycerin,2023,61632526.55,2488912.0,9,2024.0,24.762838762479348,1,0.1111111111111111,0.0003444285775992401,0.4513330159964293
bystolic,2023,454436511.16,1696815.0,1,,267.81735849812736,0,1.0,0.0025395830726008106,0.4507916614520162
afinitor,2023,444569351.35,26978.0,1,,16478.958831269923,0,1.0,0.0024844412179902326,0.4496888243598047
cabometyx,2023,430190607.56,22021.0,1,,19535.471030380093,0,1.0,0.0024040867274561493,0.44808173454912303
ranolazine,2023,216950525.28,729402.0,17,2025.0,297.4361535614106,1,0.058823529411764705,0.0012124111246839416,0.4477776342583848
flovent hfa,2023,422968390.75,1148299.0,1,,368.34342862790965,0,1.0,0.002363725930938038,0.4472745186187608
abilify maintena,2023,422038582.34,189140.0,1,,2231.355516231363,0,1.0,0.0023585297690082445,0.4471705953801649
letairis,2023,417384657.54,41136.0,1,,10146.457058051343,0,1.0,0.0023325216724909385,0.4466504334498188
perphenazine,2023,17154318.6,232533.0,9,2025.0,73.77154468398034,1,0.1111111111111111,9.586557432930988e-05,0.44636175593103067
cosentyx sensoready 2 pens,2023,402771805.4,60647.0,1,,6641.248625653371,0,1.0,0.002250858885664163,0.4450171777132833
uptravi,2023,389893561.01,20763.0,1,,18778.286423445552,0,1.0,0.0021788898192390727,0.44357779638478145
sprycel,2023,378853902.63,33961.0,1,,11155.55792320603,0,1.0,0.0021171955476287697,0.4423439109525754
gammagard liquid,2023,370949017.27,39353.0,1,,9426.194121667979,0,1.0,0.002073019711052914,0.4414603942210583
victoza 2pak,2023,367074587.8,457374.0,1,,802.5698614263164,0,1.0,0.002051367763517094,0.44102735527034187
invega trinza,2023,364310546.59,54508.0,1,,6683.61610387466,0,1.0,0.0020359211343477755,0.44071842268695555
vesicare,2023,360898310.14,657329.0,1,,549.0375597912156,0,1.0,0.0020168521165304983,0.44033704233061
combigan,2023,359255323.36,1263163.0,1,,284.4093148390192,0,1.0,0.0020076704127885516,0.44015340825577104
prolia,2023,349966941.5,284564.0,1,,1229.8356134296678,0,1.0,0.001955763013703703,0.4391152602740741
venclexta,2023,342695362.72,38716.0,1,,8851.517789027794,0,1.0,0.001915126361658222,0.4383025272331645
bumetanide,2023,116317712.77,1890023.0,16,2025.0,61.54301443421588,1,0.0625,0.000650032484494473,0.4380006496898895
gamunexc,2023,339717613.32,45500.0,1,,7466.321171868131,0,1.0,0.0018984854409025728,0.4379697088180515
austedo,2023,339693816.48,63892.0,1,,5316.6877931509425,0,1.0,0.0018983524541144052,0.4379670490822881
renvela,2023,338872821.46,226468.0,1,,1496.3386503170425,0,1.0,0.0018937643873453871,0.43787528774690776
calcitriol,2023,38735243.74,1230765.0,12,2023.0,31.472493725447183,1,0.08333333333333333,0.00021646889477270785,0.4376627112287875
odefsey,2023,336705342.39,111716.0,1,,3013.9401911095993,0,1.0,0.0018816515992634223,0.4376330319852685
multaq,2023,334415055.59,341273.0,1,,979.9048140052098,0,1.0,0.0018688525097408084,0.4373770501948162
proair hfa,2023,327714254.51,3850051.0,1,,85.11945803055596,0,1.0,0.001831405604446613,0.43662811208893226
deferasirox,2023,20431241.41,2535.0,12,2025.0,8059.661305719921,1,0.08333333333333333,0.00011417840240127222,0.4356169013813588
tasigna,2023,318637020.13,26752.0,1,,11910.773778782894,0,1.0,0.0017806781866195676,0.43561356373239135
avonex pen,2023,318310773.09,39363.0,1,,8086.547597744074,0,1.0,0.0017788549804292127,0.43557709960858426
solifenacin succinate,2023,78844718.91,421930.0,15,2024.0,186.86682366743298,1,0.06666666666666667,0.00044061757493183947,0.4354790181653035
adempas,2023,316869356.47,30605.0,1,,10353.515976801178,0,1.0,0.0017707997358376783,0.4354159947167536
rexulti,2023,316604042.32,258992.0,1,,1222.4471887934762,0,1.0,0.0017693170483605175,0.43538634096721035
ninlaro,2023,315401201.65,30142.0,1,,10463.844524251874,0,1.0,0.0017625950668965493,0.435251901337931
chantix,2023,314672260.7,675179.0,1,,466.05753540912855,0,1.0,0.0017585214371329107,0.4351704287426582
nuplazid,2023,311931513.66,113550.0,1,,2747.085104887715,0,1.0,0.0017432049856195902,0.4348640997123918
oseltamivir phosphate,2023,69300747.71,941035.0,15,2025.0,73.64311392243646,1,0.06666666666666667,0.00038728183471360705,0.43441230336093883
synthroid,2023,306541621.01,5139352.0,1,,59.64596723672556,0,1.0,0.0017130839900549176,0.43426167980109837
premarin,2023,306397302.96,889398.0,1,,344.49965365337,0,1.0,0.0017122774798651549,0.4342455495973031
vraylar,2023,305138945.43,246419.0,1,,1238.2930919693692,0,1.0,0.0017052452467501036,0.4341049049350021
promacta,2023,304352153.49,31067.0,1,,9796.63802394824,0,1.0,0.0017008483212315481,0.434016966424631
humalog mix 7525 kwikpen,2023,303665676.52,292855.0,1,,1036.9147752983558,0,1.0,0.0016970119981150533,0.4339402399623011
amitiza,2023,288899192.73,712706.0,1,,405.35535372229225,0,1.0,0.0016144906527698181,0.4322898130553964
gattex,2023,277391826.44,6354.0,1,,43656.25219389361,0,1.0,0.0015501826319074452,0.43100365263814894
advair hfa,2023,276664860.37,481432.0,1,,574.6706915410691,0,1.0,0.0015461200386069763,0.43092240077213956
bydureon pen,2023,274072245.29,279926.0,1,,979.0882064902868,0,1.0,0.0015316314110226065,0.4306326282204522
trintellix,2023,273108622.65,580313.0,1,,470.62296148802454,0,1.0,0.00152624628090031,0.4305249256180062
lenvima,2023,272480628.35,14752.0,1,,18470.758429365513,0,1.0,0.001522736783633247,0.43045473567266496
prezcobix,2023,270064000.42,131391.0,1,,2055.42236850317,0,1.0,0.0015092316465390985,0.430184632930782
dupixent syringe,2023,265763270.27,81166.0,1,,3274.3176979277036,0,1.0,0.001485197350833227,0.4297039470166646
avonex,2023,264706242.1,32862.0,1,,8055.086181607936,0,1.0,0.0014792902311765296,0.42958580462353063
prezista,2023,264339894.75,150526.0,1,,1756.107880034014,0,1.0,0.001477242927524855,0.4295448585504971
dapsone,2023,8336191.69,78727.0,14,2023.0,105.88732823554817,1,0.07142857142857142,4.6586158431327625e-05,0.42950315174005516
xyrem,2023,255629021.33,19824.0,1,,12894.926418987086,0,1.0,0.00142856288940791,0.42857125778815824
truvada,2023,247102086.66,130480.0,1,,1893.7928162170447,0,1.0,0.0013809107786788917,0.4276182155735779
ranexa,2023,246622488.67,421644.0,1,,584.9069088377873,0,1.0,0.0013782305826401792,0.42756461165280363
lynparza,2023,242845093.91,18319.0,1,,13256.46017304438,0,1.0,0.0013571209060287209,0.42714241812057446
rebif,2023,242134217.55,29000.0,1,,8349.455777586207,0,1.0,0.0013531482288202815,0.42706296457640563
namzaric,2023,241202184.21,492807.0,1,,489.4455318410656,0,1.0,0.0013479396330423551,0.42695879266084713
velphoro,2023,239987690.99,98546.0,1,,2435.2859678728714,0,1.0,0.0013411525322096613,0.42682305064419324
nuedexta,2023,234648215.5,317293.0,1,,739.5316489805953,0,1.0,0.0013113132890195456,0.4262262657803909
privigen,2023,232635547.05,23285.0,1,,9990.790081597595,0,1.0,0.0013000656480381236,0.4260013129607625
erleada,2023,232341016.47,19250.0,1,,12069.663193246754,0,1.0,0.0012984196868159013,0.42596839373631806
glatiramer acetate,2023,232049077.06,61661.0,1,,3763.3038234864825,0,1.0,0.0012967882061455465,0.42593576412291095
risperdal consta,2023,229635146.31,198475.0,1,,1156.9978400806147,0,1.0,0.0012832981420318993,0.425665962840638
naproxen,2023,34749223.29,3502693.0,19,2023.0,9.92071622891301,1,0.05263157894736842,0.00019419332973058344,0.42493649817355905
stiolto respimat,2023,221406841.18,427000.0,1,,518.5171924590164,0,1.0,0.0012373148992440304,0.4247462979848806
verzenio,2023,216608582.81,18355.0,1,,11801.066892399891,0,1.0,0.0012105002058046496,0.424210004116093
symtuza,2023,216552510.73,55731.0,1,,3885.6742339093144,0,1.0,0.0012101868513498103,0.4242037370269962
bydureon bcise,2023,215485804.42,220832.0,1,,975.7906662983625,0,1.0,0.0012042256461609986,0.42408451292322
isentress,2023,214429806.5,129733.0,1,,1652.8547593904404,0,1.0,0.0011983242839762392,0.42396648567952483
atripla,2023,213682117.88,69211.0,1,,3087.4011050266577,0,1.0,0.0011941458843179869,0.4238829176863598
northera,2023,211478683.77,20749.0,1,,10192.234988192202,0,1.0,0.0011818321642934598,0.4236366432858692
alphagan p,2023,210001980.74,703527.0,1,,298.4988219926172,0,1.0,0.0011735797243460763,0.42347159448692157
wixela inhub,2023,208008963.1,708091.0,1,,293.7602131646921,0,1.0,0.0011624419003868638,0.42324883800773727
humulin r u500 kwikpen,2023,206782026.53,127039.0,1,,1627.7050868630893,0,1.0,0.0011555852608611944,0.4231117052172239
votrient,2023,204098034.38,19743.0,1,,10337.741699842982,0,1.0,0.0011405859796332527,0.42281171959266506
uloric,2023,202571112.74,399198.0,1,,507.4452094950376,0,1.0,0.0011320528968925341,0.42264105793785073
prolastin c,2023,198486324.75,19218.0,1,,10328.146776459569,0,1.0,0.001109225377140463,0.4221845075428093
sildenafil citrate,2023,42740827.87,407939.0,23,2024.0,104.7725955841437,1,0.043478260869565216,0.00023885378991781833,0.42216838014618246
orencia,2023,198137414.82000002,41348.0,1,,4791.946764535165,0,1.0,0.0011072755211532573,0.42214551042306514
onglyza,2023,194969057.63,277381.0,1,,702.8926192853872,0,1.0,0.0010895694035987103,0.42179138807197425
jadenu,2023,190954490.37,16408.0,1,,11637.889466723549,0,1.0,0.0010671343069307761,0.42134268613861553
suboxone,2023,188433462.94,541906.0,1,,347.7235220499496,0,1.0,0.0010530457413565717,0.4210609148271315
cimzia,2023,184678937.33,32145.0,1,,5745.183926893763,0,1.0,0.0010320638672099208,0.4206412773441984
betaseron,2023,180435260.64,22075.0,1,,8173.737741336353,0,1.0,0.001008348410324635,0.42016696820649274
juluca,2023,178773501.75,61751.0,1,,2895.0705535133034,0,1.0,0.0009990618001070374,0.41998123600214077
humiracf,2023,175792474.71,26325.0,1,,6677.776817094017,0,1.0,0.0009824025625153558,0.41964805125030713
procrit,2023,174464270.45,116925.0,1,,1492.1040876630318,0,1.0,0.0009749799963860582,0.4194995999277212
daliresp,2023,173569406.21,367391.0,1,,472.43782838991706,0,1.0,0.0009699791172305108,0.4193995823446102
nexium,2023,172832256.5,382354.0,1,,452.02157294025955,0,1.0,0.0009658596134505219,0.4193171922690105
gleevec,2023,170260101.1,16316.0,1,,10435.161871782298,0,1.0,0.0009514853231954,0.419029706463908
toviaz,2023,168466948.14,351471.0,1,,479.3196256305641,0,1.0,0.0009414644274443614,0.41882928854888724
pennsaid,2023,165608018.77,56116.0,1,,2951.1729055884243,0,1.0,0.0009254875231782847,0.4185097504635657
inlyta,2023,163902063.95,11167.0,1,,14677.358641533088,0,1.0,0.00091595392744577,0.4183190785489154
livalo,2023,163884182.02,314147.0,1,,521.6799206104149,0,1.0,0.0009158539956717639,0.4183170799134353
sutent,2023,160489803.85,13793.0,1,,11635.598046110345,0,1.0,0.0008968847774623082,0.4179376955492462
aristada,2023,160406098.79,64806.0,1,,2475.1735763663855,0,1.0,0.0008964169982494883,0.4179283399649898
humulin 7030,2023,158716767.31,388578.0,1,,408.45536111154,0,1.0,0.0008869763007587246,0.4177395260151745
santyl,2023,157648692.98,366112.0,1,,430.6023647954724,0,1.0,0.0008810074504966196,0.4176201490099324
rebif rebidose,2023,157180338.17,18378.0,1,,8552.635660572423,0,1.0,0.00087839008609425,0.417567801721885
symdeko,2023,156904007.26,6634.0,1,,23651.493406692793,0,1.0,0.0008768458323112936,0.4175369166462259
orencia clickject,2023,151717092.86,30482.0,1,,4977.26831769569,0,1.0,0.0008478591648984028,0.4169571832979681
sensipar,2023,149931497.31,126529.0,1,,1184.957577393325,0,1.0,0.0008378805031449356,0.41675761006289874
enbrel mini,2023,149453524.79,25368.0,1,,5891.419299511195,0,1.0,0.0008352093909188034,0.4167041878183761
xolair,2023,147919045.95,45772.0,1,,3231.6491730752423,0,1.0,0.0008266340753540817,0.41653268150708167
lamictal,2023,147252807.28,80131.0,1,,1837.650937589697,0,1.0,0.0008229108524019358,0.41645821704803876
auryxia,2023,144710583.14,114709.0,1,,1261.5451546086183,0,1.0,0.0008087038306636932,0.4161740766132739
colcrys,2023,140555222.02,514645.0,1,,273.1110221997688,0,1.0,0.0007854819184675142,0.4157096383693503
humalog kwikpen u200,2023,140213500.45,109155.0,1,,1284.535756034996,0,1.0,0.0007835722340706786,0.4156714446814136
hizentra,2023,137133169.14,19823.0,1,,6917.881710134691,0,1.0,0.0007663580422952207,0.41532716084590443
taltz autoinjector,2023,136886246.07,21306.0,1,,6424.774526893832,0,1.0,0.0007649781319372128,0.4152995626387443
apriso,2023,135753314.91,200293.0,1,,677.7736361730065,0,1.0,0.0007586468343286346,0.41517293668657274
rytary,2023,134335198.3,149019.0,1,,901.4635603513647,0,1.0,0.0007507218000294824,0.4150144360005897
tremfya,2023,133279568.95,11896.0,1,,11203.72973688635,0,1.0,0.0007448224975694811,0.41489644995138963
simponi,2023,132970086.59,21523.0,1,,6178.046117641593,0,1.0,0.0007430929794884662,0.41486185958976934
firazyr,2023,132945822.78,2505.0,1,,53072.18474251497,0,1.0,0.0007429573830747988,0.414859147661496
nexavar,2023,132869941.04,9684.0,1,,13720.563923998348,0,1.0,0.0007425333238768889,0.4148506664775378
actemra,2023,132676233.62,35738.0,1,,3712.4694616374727,0,1.0,0.0007414508050369888,0.4148290161007398
korlym,2023,132392600.66,4915.0,1,,26936.43960528993,0,1.0,0.0007398657443159455,0.41479731488631894
vyndaqel,2023,130157322.21,6212.0,1,,20952.563137475852,0,1.0,0.0007273740646758589,0.4145474812935172
humulin n,2023,130035663.76,473628.0,1,,274.55231481246886,0,1.0,0.0007266941858970385,0.4145338837179408
invega,2023,128024984.96,90125.0,1,,1420.52687889043,0,1.0,0.0007154576639197815,0.4143091532783957
soliris,2023,125206828.96,2968.0,1,,42185.589272237194,0,1.0,0.0006997086184584485,0.41399417236916897
oxervate,2023,124702139.12,7292.0,1,,17101.225880416896,0,1.0,0.0006968881985689772,0.41393776397137955
xtampza,2023,124439768.27,249130.0,1,,499.4973237667081,0,1.0,0.0006954219594947817,0.41390843918989567
erivedge,2023,122630829.62,10763.0,1,,11393.740557465391,0,1.0,0.0006853128466438209,0.41370625693287644
toujeo max solostar,2023,121937399.69,108534.0,1,,1123.4949388210146,0,1.0,0.0006814376674515337,0.4136287533490307
atrovent hfa,2023,121459647.3,250589.0,1,,484.6966439069552,0,1.0,0.0006787677854047733,0.4135753557080955
aimovig autoinjector,2023,119447008.26,169415.0,1,,705.0556813741405,0,1.0,0.0006675203087788471,0.41335040617557695
hetlioz,2023,118599729.47,6688.0,1,,17733.213138456937,0,1.0,0.0006627853572069209,0.41325570714413845
orenitram,2023,116061649.39,15568.0,1,,7455.141918679342,0,1.0,0.0006486014942254451,0.41297202988450893
saphris,2023,115380059.49,118424.0,1,,974.2962532088089,0,1.0,0.0006447924821192716,0.41289584964238546
gammaplex,2023,114134958.2,9832.0,1,,11608.518938161107,0,1.0,0.0006378343304696914,0.41275668660939385
viibryd,2023,111391307.21,318172.0,1,,350.09776853400047,0,1.0,0.000622501650457818,0.4124500330091564
veltassa,2023,110096660.07,125867.0,1,,874.7063175415319,0,1.0,0.0006152666156817995,0.41230533231363603
tymlos,2023,109796513.41,53449.0,1,,2054.229516174297,0,1.0,0.000613589269433612,0.41227178538867226
jentadueto,2023,108604794.65,166278.0,1,,653.1519181731799,0,1.0,0.0006069294418980308,0.4121385888379606
humulin r u500,2023,107737315.9,51637.0,1,,2086.4363905726514,0,1.0,0.0006020816044218619,0.41204163208843725
serostim,2023,107140506.97,7105.0,1,,15079.59281773399,0,1.0,0.0005987463841678023,0.4119749276833561
carafate,2023,105294398.81,304903.0,1,,345.3373656867922,0,1.0,0.0005884295524032095,0.41176859104806424
tracleer,2023,105055400.25,8891.0,1,,11815.92624564166,0,1.0,0.0005870939275525507,0.41174187855105104
calquence,2023,103935941.42,7579.0,1,,13713.674814619344,0,1.0,0.0005808379190115897,0.4116167583802318
banzel,2023,103728571.79,30159.0,1,,3439.390291123711,0,1.0,0.0005796790499744711,0.41159358099948945
aptiom,2023,103185870.14,82695.0,1,,1247.7885016022735,0,1.0,0.0005766462040433763,0.41153292408086756
keppra,2023,103166733.17,76439.0,1,,1349.6609475529508,0,1.0,0.0005765392585760132,0.4115307851715203
ampyra,2023,102231983.19,30022.0,1,,3405.2356002265005,0,1.0,0.0005713154810668902,0.4114263096213378
strensiq,2023,101640697.97,1001.0,1,,101539.15881118881,0,1.0,0.0005680111296362403,0.4113602225927248
stivarga,2023,101565258.31,6838.0,1,,14853.064976601347,0,1.0,0.0005675895409680021,0.4113517908193601
humalog mix 7525,2023,101067295.04,122384.0,1,,825.8211452477449,0,1.0,0.0005648067119914289,0.4112961342398286
elmiron,2023,99270006.74,91313.0,1,,1087.1399115131471,0,1.0,0.0005547627062146649,0.4110952541242933
remicade,2023,98661230.31,15160.0,1,,6507.996722295515,0,1.0,0.0005513606065183181,0.41102721213036636
cosentyx sensoready pen,2023,98346327.07,12789.0,1,,7689.915323324732,0,1.0,0.0005496007942713448,0.41099201588542694
apokyn,2023,97842530.32,4423.0,1,,22121.304616775942,0,1.0,0.0005467853653458269,0.4109357073069166
vemlidy,2023,96643623.43,76922.0,1,,1256.3846939757157,0,1.0,0.0005400853675052123,0.4108017073501043
bosulif,2023,95818504.08,7925.0,1,,12090.662975394322,0,1.0,0.0005354742522389971,0.41070948504477994
suprep,2023,94704109.87,947479.0,1,,99.95378247961169,0,1.0,0.0005292465469327131,0.4105849309386543
belsomra,2023,94315285.91,243885.0,1,,386.72032273407547,0,1.0,0.0005270736344954684,0.41054147268990937
mekinist,2023,94071924.3,8610.0,1,,10925.891324041811,0,1.0,0.0005257136270794726,0.41051427254158945
synjardy,2023,93689902.19,125768.0,1,,744.9422920774759,0,1.0,0.0005235787262515467,0.41047157452503097
humulin 7030 kwikpen,2023,93660208.79,123958.0,1,,755.5801867568048,0,1.0,0.000523412786996764,0.4104682557399353
kisqali,2023,91963508.3,7989.0,1,,11511.266528977343,0,1.0,0.000513930908367165,0.41027861816734335
neupro,2023,91619624.54,104799.0,1,,874.2414005858835,0,1.0,0.0005120091407398037,0.4102401828147961
zejula,2023,91025007.69,7138.0,1,,12752.172553936676,0,1.0,0.0005086861707542086,0.4101737234150842
lonsurf,2023,90774138.81,8492.0,1,,10689.371032736693,0,1.0,0.0005072842095441288,0.4101456841908826
vosevi,2023,89602249.81,3545.0,1,,25275.669904090268,0,1.0,0.0005007351990789041,0.41001470398157813
gammaked,2023,86833965.04,7794.0,1,,11141.129720297666,0,1.0,0.00048526485510481395,0.4097052971020963
pentasa,2023,86385411.21,66319.0,1,,1302.5740920399885,0,1.0,0.0004827581469380108,0.40965516293876025
alecensa,2023,84214133.36,5957.0,1,,14137.004089306698,0,1.0,0.00047062412966968525,0.40941248259339375
lupron depot,2023,83935223.55,21998.0,1,,3815.584305391399,0,1.0,0.00046906546390480146,0.4093813092780961
adcirca,2023,82750004.24,18904.0,1,,4377.380672873465,0,1.0,0.00046244195803967555,0.4092488391607935
tafinlar,2023,82258390.13,8586.0,1,,9580.5252888423,0,1.0,0.00045969461084959,0.4091938922169918
vyvanse,2023,81808243.85,242208.0,1,,337.7602880581979,0,1.0,0.0004571790033999066,0.40914358006799817
soliqua 10033,2023,80359312.35,98959.0,1,,812.0465278549702,0,1.0,0.00044908176248639525,0.4089816352497279
intelence,2023,80134280.11,54149.0,1,,1479.88476444625,0,1.0,0.00044782418732802027,0.4089564837465604
noxafil,2023,78575527.44,13296.0,1,,5909.711750902527,0,1.0,0.0004391132193536412,0.4087822643870728
iclusig,2023,78355626.47,3197.0,1,,24509.11056302784,0,1.0,0.0004378843198982806,0.4087576863979656
rhopressa,2023,77837723.89,226566.0,1,,343.5543015721688,0,1.0,0.0004349900616397024,0.4086998012327941
arikayce,2023,76866248.87,7005.0,1,,10973.05479942898,0,1.0,0.0004295610491029481,0.40859122098205897
fanapt,2023,76638973.31,55902.0,1,,1370.9522612786664,0,1.0,0.00042829093732535666,0.40856581874650716
ocaliva,2023,76412499.07,10617.0,1,,7197.183674295939,0,1.0,0.0004270253036622163,0.4085405060732443
lipitor,2023,76245720.53,86744.0,1,,878.97399854745,0,1.0,0.000426093274772249,0.408521865495445
octagam,2023,76012875.49,5918.0,1,,12844.352059817506,0,1.0,0.0004247920383891652,0.40849584076778334
restasis multidose,2023,75324014.07,97373.0,1,,773.5616040380803,0,1.0,0.00042094238995943366,0.4084188477991887
lotemax,2023,74287981.58,292148.0,1,,254.28201315771457,0,1.0,0.00041515260302626603,0.40830305206052536
briviact,2023,72782257.77,56221.0,1,,1294.5742297362194,0,1.0,0.00040673798270861804,0.4081347596541724
exelon,2023,72453108.41,95086.0,1,,761.9745116000252,0,1.0,0.0004048985571288387,0.4080979711425768
simbrinza,2023,71916108.96,348421.0,1,,206.4057819706619,0,1.0,0.0004018975774986263,0.4080379515499725
stribild,2023,70919383.87,20544.0,1,,3452.0728129867603,0,1.0,0.00039632745691095794,0.4079265491382192
benlysta,2023,70896154.93,18823.0,1,,3766.46416246082,0,1.0,0.00039619764378773887,0.4079239528757548
belbuca,2023,68648441.96,130068.0,1,,527.7888639788417,0,1.0,0.0003836364748004443,0.4076727294960089
relistor,2023,68503455.57,39510.0,1,,1733.8257547456337,0,1.0,0.0003828262296446103,0.40765652459289226
bevespi aerosphere,2023,68060651.08,154763.0,1,,439.77340242822896,0,1.0,0.0003803516512169107,0.40760703302433826
radicava,2023,67589596.66,6104.0,1,,11073.000763433813,0,1.0,0.0003777192002541741,0.4075543840050835
prolensa,2023,67257265.72,237642.0,1,,283.019271509245,0,1.0,0.00037586199466219566,0.40751723989324395
wellbutrin xl,2023,66960905.03,24339.0,1,,2751.17732979991,0,1.0,0.00037420580601268093,0.40748411612025365
xalkori,2023,66842556.26,4247.0,1,,15738.770016482222,0,1.0,0.0003735444231229392,0.4074708884624588
humulin r,2023,66232553.69,316854.0,1,,209.03177390848782,0,1.0,0.00037013547123863617,0.40740270942477275
arnuity ellipta,2023,65506399.94,256529.0,1,,255.35670407634223,0,1.0,0.00036607741752526206,0.40732154835050527
ocrevus,2023,65091202.31,2047.0,1,,31798.34016121153,0,1.0,0.0003637571178859562,0.40727514235771917
haegarda,2023,63585462.53,1955.0,1,,32524.53326342711,0,1.0,0.0003553424083212062,0.4071068481664242
byetta,2023,61401577.13,52880.0,1,,1161.1493405824508,0,1.0,0.00034313793474098517,0.40686275869481975
samsca,2023,61373563.88,5627.0,1,,10906.977764350453,0,1.0,0.0003429813848737068,0.40685962769747414
rituxan,2023,61319491.32,5272.0,1,,11631.162996965099,0,1.0,0.0003426792045807597,0.4068535840916152
glatopa,2023,61108124.71,16196.0,1,,3773.0380779204743,0,1.0,0.0003414979987320069,0.40682995997464017
plegridy pen,2023,60993199.48,7268.0,1,,8392.019741331866,0,1.0,0.00034085574802909184,0.40681711496058187
rubraca,2023,60238183.12,4302.0,1,,14002.367066480707,0,1.0,0.0003366363978661874,0.4067327279573238
viberzi,2023,60076483.3,43681.0,1,,1375.3458780705569,0,1.0,0.0003357327510076496,0.406714655020153
serevent diskus,2023,59902599.17,109984.0,1,,544.6483049352634,0,1.0,0.0003347610130810145,0.4066952202616203
firdapse,2023,59859319.81,1702.0,1,,35169.988137485314,0,1.0,0.0003345191497462036,0.4066903829949241
crestor,2023,59381119.74,120530.0,1,,492.6667198207915,0,1.0,0.0003318467658746072,0.4066369353174922
savella,2023,58559056.39,108133.0,1,,541.5465805073381,0,1.0,0.0003272527288265354,0.40654505457653073
kalydeco,2023,58408152.67,2362.0,1,,24728.261079593565,0,1.0,0.00032640941513255816,0.4065281883026512
qvar redihaler,2023,58316805.58,209902.0,1,,277.828727596688,0,1.0,0.000325898929029883,0.4065179785805977
invokamet,2023,58119147.69,76604.0,1,,758.6959909404209,0,1.0,0.0003247943332958636,0.4064958866659173
epidiolex,2023,57641504.42,18753.0,1,,3073.7217735828935,0,1.0,0.00032212506105773,0.4064425012211546
idhifa,2023,57551678.72,2121.0,1,,27134.219104196134,0,1.0,0.000321623077124656,0.40643246154249313
ultrafine mini pen needle,2023,57454167.5,943797.0,1,,60.87555639613179,0,1.0,0.0003210781432612467,0.40642156286522496
xultophy 10036,2023,56397715.81,51090.0,1,,1103.889524564494,0,1.0,0.0003151742452181604,0.40630348490436324
ultrafine short pen needle,2023,56357615.39,920424.0,1,,61.23005852737434,0,1.0,0.00031495014714211396,0.4062990029428423
botox,2023,55918448.97,43026.0,1,,1299.643215032771,0,1.0,0.0003124958997854485,0.406249917995709
kombiglyze,2023,55583327.07,80163.0,1,,693.3788290108903,0,1.0,0.000310623097130738,0.4062124619426148
neulasta,2023,55519659.99,7188.0,1,,7723.937116026712,0,1.0,0.0003102672986095383,0.40620534597219077
novolog flexpen,2023,1843976249.2,2453993.0,2,,751.4187078773249,0,0.5,0.010304917747019379,0.4060983549403876
glyxambi,2023,54326319.24,61913.0,1,,877.4622331335908,0,1.0,0.00030359840670908587,0.4060719681341817
humulin n kwikpen,2023,54296023.02,121091.0,1,,448.3902438661833,0,1.0,0.0003034290986416522,0.4060685819728331
topamax,2023,54196437.14,33925.0,1,,1597.5368353721444,0,1.0,0.00030287257070230934,0.4060574514140462
sandostatin lar depot,2023,54164192.08,9001.0,1,,6017.57494500611,0,1.0,0.0003026923716942191,0.4060538474338844
gilotrif,2023,54054071.04,6008.0,1,,8997.015818908123,0,1.0,0.0003020769688331961,0.40604153937666393
percocet,2023,53461798.73,22252.0,1,,2402.561510426029,0,1.0,0.0002987671011269091,0.4059753420225382
estrace,2023,52952973.96,157686.0,1,,335.81277957459764,0,1.0,0.00029592357350296557,0.4059184714700593
cartia xt,2023,52804004.83,1495269.0,1,,35.314050401633416,0,1.0,0.0002950910711146289,0.4059018214222926
xigduo,2023,52774024.55,72624.0,1,,726.6747156587354,0,1.0,0.0002949235286532948,0.40589847057306594
complera,2023,51900423.54,17383.0,1,,2985.7000253120864,0,1.0,0.00029004147740362786,0.40580082954807256
narcan,2023,51287845.86,390602.0,1,,131.30461661742643,0,1.0,0.00028661813471751756,0.40573236269435037
glassia,2023,50140457.28,4763.0,1,,10527.074801595632,0,1.0,0.0002802060429425291,0.4056041208588506
sofosbuvirvelpatasvir,2023,49550573.25,6054.0,1,,8184.765981169475,0,1.0,0.0002769095219531359,0.40553819043906275
aranesp,2023,49300464.44,27669.0,1,,1781.79422602913,0,1.0,0.0002755118083350928,0.4055102361667019
trokendi,2023,48953557.56,42564.0,1,,1150.1164730758387,0,1.0,0.0002735731462369091,0.4054714629247382
nucala,2023,48865678.96,14193.0,1,,3442.9422222222224,0,1.0,0.00027308204352063703,0.40546164087041275
cosentyx 2 syringes,2023,48271340.08,7082.0,1,,6816.060446201638,0,1.0,0.0002697606269487518,0.40539521253897504
onfi,2023,48062526.92,28243.0,1,,1701.750059129696,0,1.0,0.00026859369085658214,0.4053718738171317
selzentry,2023,47461983.93,26250.0,1,,1808.0755782857143,0,1.0,0.00026523760309884445,0.4053047520619769
ravicti,2023,47351936.11,601.0,1,,78788.57921797005,0,1.0,0.0002646226094220925,0.4052924521884419
trikafta,2023,46671715.51,1845.0,1,,25296.322769647697,0,1.0,0.0002608212495423927,0.40521642499084787
glumetza,2023,46632697.81,5722.0,1,,8149.719994757078,0,1.0,0.00026060320216279533,0.40521206404325594
piqray,2023,46037291.04,2915.0,1,,15793.238778730703,0,1.0,0.00025727581777076187,0.40514551635541524
rayaldee,2023,45863705.84,34111.0,1,,1344.5429873061478,0,1.0,0.00025630575039116524,0.4051261150078233
kevzara,2023,45739165.17,12500.0,1,,3659.1332136,0,1.0,0.0002556097645502058,0.4051121952910041
duexis,2023,45095402.55,18312.0,1,,2462.614818152031,0,1.0,0.0002520121472541133,0.4050402429450823
dificid,2023,44460261.25,11904.0,1,,3734.9009786626343,0,1.0,0.0002484627095338203,0.4049692541906764
zemaira,2023,44371422.06,5017.0,1,,8844.214084114014,0,1.0,0.00024796623863509857,0.40495932477270197
protonix,2023,44298999.94,75486.0,1,,586.8505410274753,0,1.0,0.00024756151325428704,0.4049512302650858
flovent diskus,2023,43880505.28,154181.0,1,,284.60384405341773,0,1.0,0.0002452227884194429,0.4049044557683889
butrans,2023,43767145.73,77211.0,1,,566.8511705585992,0,1.0,0.0002445892873973468,0.40489178574794693
fycompa,2023,43094132.85,42484.0,1,,1014.3614737312871,0,1.0,0.00024082820729987077,0.4048165641459974
humiracf pen crohnsuchs,2023,43047254.66,2712.0,1,,15872.881511799409,0,1.0,0.00024056623218371147,0.40481132464367425
gocovri,2023,42856321.91,16902.0,1,,2535.5769678144597,0,1.0,0.0002394992193711463,0.404789984387423
keytruda,2023,42645823.08,4347.0,1,,9810.403285024155,0,1.0,0.00023832286304338186,0.4047664572608677
cresemba,2023,41885905.66,8007.0,1,,5231.160941676033,0,1.0,0.00023407612368813008,0.4046815224737626
estring,2023,41680012.44,90784.0,1,,459.11187477969685,0,1.0,0.00023292550545338359,0.40465851010906767
nerlynx,2023,41499616.26,3347.0,1,,12399.048778010158,0,1.0,0.00023191737544217385,0.4046383475088435
emgality pen,2023,40695844.75,57344.0,1,,709.6792122977121,0,1.0,0.00022742556091823895,0.4045485112183648
daraprim,2023,40523868.67,998.0,1,,40605.078827655314,0,1.0,0.00022646448598052018,0.40452928971961044
jublia,2023,40212792.05,43189.0,1,,931.0887506077936,0,1.0,0.0002247260585015808,0.40449452117003165
lialda,2023,39925116.85,35312.0,1,,1130.6387870978704,0,1.0,0.00022311840803691596,0.40446236816073833
aralast np,2023,39833046.38,4199.0,1,,9486.317308883068,0,1.0,0.00022260387938141346,0.4044520775876283
zarxio,2023,38991922.52,16877.0,1,,2310.358625348107,0,1.0,0.0002179033241567375,0.40435806648313477
lumizyme,2023,38518345.81,843.0,1,,45691.98791221827,0,1.0,0.00021525677757265255,0.4043051355514531
silenor,2023,38410606.58,74139.0,1,,518.0890837480948,0,1.0,0.0002146546852714318,0.40429309370542865
opdivo,2023,38090654.56,3449.0,1,,11043.9705885764,0,1.0,0.00021286665831038874,0.4042573331662078
prempro,2023,37916158.59,119437.0,1,,317.45739251655687,0,1.0,0.00021189150116353477,0.40423783002327074
exjade,2023,37880000.85,3430.0,1,,11043.732026239068,0,1.0,0.00021168943644779898,0.404233788728956
dilt,2023,37641296.85,727054.0,1,,51.772353704126516,0,1.0,0.00021035545772277381,0.4042071091544555
rozerem,2023,37616425.2,89985.0,1,,418.0299516586098,0,1.0,0.0002102164644425763,0.4042043292888515
zydelig,2023,37549024.83,3594.0,1,,10447.697504173622,0,1.0,0.00020983980272078347,0.4041967960544157
fasenra,2023,37095414.78,7444.0,1,,4983.263672756582,0,1.0,0.00020730483826204965,0.404146096765241
hysingla,2023,37071353.54,73628.0,1,,503.4953216167762,0,1.0,0.0002071703738950607,0.40414340747790123
somatuline depot,2023,36271224.19,4413.0,1,,8219.176113754815,0,1.0,0.0002026989132988067,0.40405397826597617
ruconest,2023,36257040.87,377.0,1,,96172.5222015915,0,1.0,0.00020261965091891265,0.40405239301837825
vivitrol,2023,35990111.33,26676.0,1,,1349.1569699355225,0,1.0,0.00020112793596046723,0.4040225587192094
tysabri,2023,35250600.81,5215.0,1,,6759.463242569512,0,1.0,0.00019699523897754153,0.40393990477955083
thalomid,2023,35068384.65,4903.0,1,,7152.434152559657,0,1.0,0.0001959769381497557,0.40391953876299513
boostrix tdap,2023,34974434.88,571463.0,1,,61.201573645187885,0,1.0,0.0001954519071724742,0.40390903814344953
tykerb,2023,34888882.54,5427.0,1,,6428.760372213009,0,1.0,0.0001949738045791531,0.4038994760915831
somavert,2023,34885906.47,2569.0,1,,13579.566551187232,0,1.0,0.00019495717304359364,0.4038991434608719
tudorza pressair,2023,34876684.5,64178.0,1,,543.4367618186917,0,1.0,0.00019490563678201939,0.4038981127356404
entyvio,2023,34824742.89,5069.0,1,,6870.140637206549,0,1.0,0.0001946153651372897,0.40389230730274583
mavenclad,2023,34765890.81,632.0,1,,55009.32090189874,0,1.0,0.0001942864748688255,0.40388572949737656
dilantin,2023,34720440.910000004,206529.0,1,,168.11411913096953,0,1.0,0.00019403248164016356,0.4038806496328033
taltz autoinjector 2 pack,2023,34370317.6,3011.0,1,,11414.917834606444,0,1.0,0.00019207584477326818,0.4038415168954654
neupogen,2023,34083889.95,12233.0,1,,2786.2249611706043,0,1.0,0.00019047516614467816,0.40380950332289356
prosol,2023,34010991.25,192241.0,1,,176.91850983921225,0,1.0,0.00019006777743363018,0.40380135554867264
tegretol,2023,33876836.31,80568.0,1,,420.4750808013107,0,1.0,0.00018931806299308027,0.4037863612598616
neulasta onpro,2023,33829446.71,4877.0,1,,6936.527929054747,0,1.0,0.00018905322990194037,0.4037810645980388
asacol hd,2023,33809037.85,24734.0,1,,1366.9053873210964,0,1.0,0.0001889391765763069,0.4037787835315262
zubsolv,2023,33592369.97,85789.0,1,,391.56966475888515,0,1.0,0.00018772834499277118,0.40375456689985545
krystexxa,2023,33323560.87,868.0,1,,38391.19915898618,0,1.0,0.00018622612625955698,0.40372452252519114
xospata,2023,33172100.56,1491.0,1,,22248.223044936283,0,1.0,0.00018537970210568558,0.40370759404211376
besivance,2023,33071030.5,187870.0,1,,176.0314605844467,0,1.0,0.0001848148799419304,0.4036962975988386
cayston,2023,32988229.17,3576.0,1,,9224.896300335571,0,1.0,0.0001843521511538758,0.40368704302307756
procysbi,2023,32929303.18,523.0,1,,62962.33877629063,0,1.0,0.0001840228478451292,0.4036804569569026
vimovo,2023,32800085.72,11814.0,1,,2776.3742779752833,0,1.0,0.0001833007261272619,0.40366601452254525
diovan,2023,32307654.74,55984.0,1,,577.0872881537582,0,1.0,0.00018054881392276054,0.4036109762784552
seroquel,2023,31890918.12,39232.0,1,,812.8802538743882,0,1.0,0.0001782199137576234,0.4035643982751525
fetzima,2023,31590371.73,62995.0,1,,501.4742714501151,0,1.0,0.00017654033364944289,0.4035308066729889
edurant,2023,31579905.9,26127.0,1,,1208.7076931909519,0,1.0,0.00017648184617307161,0.40352963692346144
effexor,2023,31226086.91,31105.0,1,,1003.8928439157692,0,1.0,0.00017450455628614095,0.4034900911257228
rydapt,2023,31073961.2,1933.0,1,,16075.510191412312,0,1.0,0.00017365441359615944,0.4034730882719232
xenazine,2023,30115947.43,1377.0,1,,21870.695301379812,0,1.0,0.0001683006282073048,0.4033660125641461
celebrex,2023,30085983.23,34880.0,1,,862.5568586582569,0,1.0,0.00016813317560779913,0.403362663512156
xgeva,2023,30064469.14,12668.0,1,,2373.260904641617,0,1.0,0.00016801294579033368,0.4033602589158067
targretin,2023,29982611.82,1020.0,1,,29394.717470588235,0,1.0,0.00016755549252868922,0.4033511098505738
kuvan,2023,29684297.95,2249.0,1,,13198.887483325921,0,1.0,0.00016588838868476568,0.4033177677736953
delzicol,2023,29662683.04,39468.0,1,,751.5628620654708,0,1.0,0.0001657675954425773,0.4033153519088516
berinert,2023,29420776.41,501.0,1,,58724.10461077844,0,1.0,0.00016441571906906645,0.40328831438138135
ajovy syringe,2023,28878501.83,42354.0,1,,681.8364695188176,0,1.0,0.00016138525978542662,0.40322770519570855
nucynta,2023,28782047.32,42864.0,1,,671.473668346398,0,1.0,0.00016084623126360576,0.40321692462527214
isentress hd,2023,28757458.81,17849.0,1,,1611.1523788447532,0,1.0,0.00016070882028926066,0.4032141764057852
edarbi,2023,28407509.57,89671.0,1,,316.79706449130714,0,1.0,0.00015875315619901198,0.40317506312398027
fabrazyme,2023,28063492.43,1678.0,1,,16724.36974374255,0,1.0,0.00015683064318790195,0.40313661286375807
rayos,2023,27333540.74,5187.0,1,,5269.624202814729,0,1.0,0.00015275136498244175,0.40305502729964887
humiracf pen psoruvadol hs,2023,27218091.79,2567.0,1,,10603.074324113752,0,1.0,0.00015210618751106928,0.4030421237502214
mektovi,2023,27159224.21,2596.0,1,,10461.950774268105,0,1.0,0.0001517772106220615,0.40303554421244125
fluorometholone,2023,27009124.99,330185.0,1,,81.79997574087254,0,1.0,0.0001509383928137178,0.4030187678562744
abilify,2023,26854630.75,20939.0,1,,1282.5173480108888,0,1.0,0.00015007501377818034,0.40300150027556364
braftovi,2023,26770750.54,2578.0,1,,10384.309751745539,0,1.0,0.00014960625575321786,0.4029921251150644
horizant,2023,26705425.64,34653.0,1,,770.6526315181947,0,1.0,0.00014924119263398067,0.40298482385267964
xiaflex,2023,26574904.87,3510.0,1,,7571.197968660969,0,1.0,0.00014851178746961853,0.4029702357493924
humalog mix 5050 kwikpen,2023,26031916.33,22265.0,1,,1169.1855526611273,0,1.0,0.0001454773382760881,0.40290954676552176
azesco,2023,26007716.3,6998.0,1,,3716.4498856816235,0,1.0,0.0001453420982919866,0.40290684196583976
neurontin,2023,25867339.97,23008.0,1,,1124.2759027294853,0,1.0,0.00014455761609764918,0.402891152321953
ledipasvirsofosbuvir,2023,25843413.87,2086.0,1,,12388.980762224353,0,1.0,0.00014442390695003197,0.40288847813900064
omnipod classic pods gen 3,2023,25479412.99,18575.0,1,,1371.704602422611,0,1.0,0.0001423897163633202,0.4028477943272664
cialis,2023,25450789.92,53496.0,1,,475.75126962763574,0,1.0,0.0001422297585644358,0.40284459517128873
jynarque,2023,24946951.26,1771.0,1,,14086.364347826087,0,1.0,0.00013941409542814488,0.4027882819085629
prozac,2023,24641679.82,17369.0,1,,1418.716093039323,0,1.0,0.00013770810974580273,0.40275416219491605
vyzulta,2023,24495875.57,67188.0,1,,364.58706271953326,0,1.0,0.00013689329404301494,0.4027378658808603
alyq,2023,24442360.54,11124.0,1,,2197.263622797555,0,1.0,0.00013659422946307877,0.4027318845892616
cerdelga,2023,24364606.07,913.0,1,,26686.31552026287,0,1.0,0.00013615970465932347,0.40272319409318647
dymista,2023,24101990.27,98550.0,1,,244.56611131405379,0,1.0,0.00013469209670111806,0.40269384193402236
norvasc,2023,24076817.88,50923.0,1,,472.8083160850696,0,1.0,0.00013455142275883793,0.4026910284551768
verapamil pm,2023,23837914.75,85478.0,1,,278.87777849271157,0,1.0,0.00013321633121130658,0.40266432662422613
sabril,2023,23834226.32,978.0,1,,24370.3745603272,0,1.0,0.00013319571870733203,0.40266391437414667
evotaz,2023,23420219.17,13700.0,1,,1709.5050489051096,0,1.0,0.00013088207197284787,0.402617641439457
edarbyclor,2023,22640123.62,74643.0,1,,303.3120804362097,0,1.0,0.00012652256870860926,0.4025304513741722
rapaflo,2023,22220988.89,54482.0,1,,407.8592726037958,0,1.0,0.00012418026689238847,0.40248360533784777
cymbalta,2023,22047569.2,42761.0,1,,515.5999438740909,0,1.0,0.00012321112445254473,0.4024642224890509
insulin lispro kwikpen u100,2023,21924067.51,81762.0,1,,268.1449513221301,0,1.0,0.0001225209448704487,0.402450418897409
eylea,2023,21894515.31,8766.0,1,,2497.6631656399722,0,1.0,0.00012235579470087595,0.40244711589401755
cosentyx syringe,2023,21879289.69,2734.0,1,,8002.666309436723,0,1.0,0.00012227070750855696,0.40244541415017115
cuprimine,2023,21821325.59,904.0,1,,24138.63450221239,0,1.0,0.00012194677964720887,0.4024389355929442
trileptal,2023,21663258.91,15556.0,1,,1392.5982842633068,0,1.0,0.00012106343630878403,0.40242126872617573
kisqali femara copack,2023,21565204.45,1835.0,1,,11752.155013623978,0,1.0,0.00012051546659091657,0.40241030933181837
corlanor,2023,21487019.6,37224.0,1,,577.23564367075,0,1.0,0.00012007853664202891,0.4024015707328406
avastin,2023,21393130.17,3652.0,1,,5857.921733296824,0,1.0,0.00011955384287014096,0.40239107685740283
orkambi,2023,21154775.78,970.0,1,,21809.04719587629,0,1.0,0.0001182218179133897,0.4023644363582678
lexapro,2023,20932118.0,33819.0,1,,618.9455040066235,0,1.0,0.00011697751223991403,0.4023395502447983
actimmune,2023,20879139.7,381.0,1,,54800.891601049865,0,1.0,0.00011668144713380771,0.40233362894267616
androderm,2023,20873369.89,26813.0,1,,778.479464811845,0,1.0,0.00011664920299970257,0.40233298405999407
alvesco,2023,20730250.8,145378.0,1,,142.59551513984235,0,1.0,0.00011584939310458157,0.40231698786209164
prevacid,2023,20646056.59,25938.0,1,,795.977199090138,0,1.0,0.00011537888031505855,0.4023075776063012
glucagen,2023,20566488.54,59848.0,1,,343.64537728913245,0,1.0,0.00011493422046062905,0.4022986844092126
zonegran,2023,20527230.13,7562.0,1,,2714.5239526580267,0,1.0,0.00011471482789193177,0.40229429655783866
ambien,2023,20497209.060000002,32523.0,1,,630.2373415736556,0,1.0,0.00011454705747885748,0.4022909411495772
lorbrena,2023,20174268.96,1272.0,1,,15860.274339622641,0,1.0,0.00011274233186530469,0.4022548466373061
kaletra,2023,19841104.41,18069.0,1,,1098.0742935414246,0,1.0,0.00011088046770872338,0.4022176093541745
humira pen psoruveitsadol hs,2023,19780376.41,1860.0,1,,10634.61097311828,0,1.0,0.00011054109400734707,0.40221082188014695
oxtellar,2023,19763873.72,19747.0,1,,1000.8544953663848,0,1.0,0.00011044887000873085,0.40220897740017464
sucraid,2023,19620159.42,1840.0,1,,10663.130119565218,0,1.0,0.00010964573382885166,0.40219291467657703
tegsedi,2023,19207847.56,540.0,1,,35570.08807407407,0,1.0,0.00010734156109058352,0.4021468312218117
bepreve,2023,18845666.15,59924.0,1,,314.492793371604,0,1.0,0.00010531753847035252,0.4021063507694071
lonhala magnair refill,2023,18830050.58,15349.0,1,,1226.793314222425,0,1.0,0.00010523027207280936,0.4021046054414562
zyprexa,2023,18813188.07,16413.0,1,,1146.2370115152623,0,1.0,0.00010513603724812892,0.4021027207449626
zortress,2023,18641260.34,6561.0,1,,2841.222426459381,0,1.0,0.0001041752325106219,0.4020835046502125
taltz autoinjector 3 pack,2023,18251057.3,1116.0,1,,16353.993996415771,0,1.0,0.0001019946131921348,0.40203989226384274
provigil,2023,18194711.38,5486.0,1,,3316.5715238789644,0,1.0,0.00010167972840376942,0.4020335945680754
fiasp flextouch,2023,17900764.66,20833.0,1,,859.250451687227,0,1.0,0.00010003703003771384,0.4020007406007543
genotropin,2023,17872607.11,7472.0,1,,2391.9442063704496,0,1.0,9.987967376111675e-05,0.40199759347522235
tavalisse,2023,17751233.7,1762.0,1,,10074.479965947787,0,1.0,9.920138790615094e-05,0.40198402775812303
taltz syringe,2023,17723634.31,2446.0,1,,7245.966602616516,0,1.0,9.904715086327074e-05,0.40198094301726545
chenodal,2023,17658479.52,364.0,1,,48512.30637362637,0,1.0,9.868303839052843e-05,0.4019736607678106
zoloft,2023,17639163.64,23608.0,1,,747.1689105388004,0,1.0,9.857509309855536e-05,0.4019715018619711
dovato,2023,17591992.04,7224.0,1,,2435.21484496124,0,1.0,9.831147828344796e-05,0.40196622956566896
kalbitor,2023,17546169.83,323.0,1,,54322.50721362229,0,1.0,9.80554044293289e-05,0.4019611080885866
odomzo,2023,17389944.77,1542.0,1,,11277.525791180286,0,1.0,9.718235284093582e-05,0.40194364705681873
kineret,2023,17275786.18,3562.0,1,,4850.02419427288,0,1.0,9.654438644599116e-05,0.40193088772891983
actemra actpen,2023,17195137.67,4465.0,1,,3851.094662933931,0,1.0,9.609368852494679e-05,0.401921873770499
brovana,2023,17053363.23,26809.0,1,,636.1059058525123,0,1.0,9.530139310169306e-05,0.4019060278620339
novofine autocover,2023,16919281.55,226325.0,1,,74.75657373246437,0,1.0,9.455208806895111e-05,0.401891041761379
thiola,2023,16565802.82,2007.0,1,,8254.012366716492,0,1.0,9.257669969854711e-05,0.40185153399397094
armour thyroid,2023,16542424.4,275432.0,1,,60.05992186819251,0,1.0,9.244605121798247e-05,0.40184892102435965
xanax,2023,16473549.879999999,30939.0,1,,532.4525640777013,0,1.0,9.206115132365173e-05,0.40184122302647307
prevymis,2023,16265009.82,2602.0,1,,6250.964573405073,0,1.0,9.089574142957593e-05,0.4018179148285915
klorcon,2023,16241975.32,45795.0,1,,354.6670012010045,0,1.0,9.076701491916307e-05,0.4018153402983833
xpovio,2023,16198198.34,703.0,1,,23041.533911806542,0,1.0,9.052237067371324e-05,0.40181044741347427
eucrisa,2023,15970864.27,22881.0,1,,697.9967776758009,0,1.0,8.925193191754082e-05,0.40178503863835086
clozaril,2023,15875977.34,11446.0,1,,1387.0327922418312,0,1.0,8.872166369454098e-05,0.40177443327389084
canasa,2023,15816186.02,11509.0,1,,1374.2450273698844,0,1.0,8.838752455644035e-05,0.40176775049112884
nicotrol,2023,15792536.81,32912.0,1,,479.8412983106466,0,1.0,8.825536278703703e-05,0.40176510725574077
autoshield duo pen needle,2023,15676248.76,216689.0,1,,72.34446030947579,0,1.0,8.760549607062396e-05,0.4017521099214125
novofine 32,2023,15526256.46,216993.0,1,,71.55187706515879,0,1.0,8.676727577637841e-05,0.4017353455155276
simponi aria,2023,15435671.77,2190.0,1,,7048.251949771689,0,1.0,8.626105028676365e-05,0.4017252210057353
darzalex,2023,15299262.69,1543.0,1,,9915.27069993519,0,1.0,8.549873876026951e-05,0.4017099747752054
ilaris,2023,15141638.79,614.0,1,,24660.649495114005,0,1.0,8.461786986341191e-05,0.4016923573972683
norditropin flexpro,2023,15069330.8,6243.0,1,,2413.7963799455392,0,1.0,8.421378228922242e-05,0.40168427564578446
velcade,2023,15061837.21,2730.0,1,,5517.156487179487,0,1.0,8.417190494475369e-05,0.4016834380988951
herceptin,2023,15028324.96,2581.0,1,,5822.6753041456805,0,1.0,8.398462434397732e-05,0.40167969248687957
mysoline,2023,14966914.74,3649.0,1,,4101.648325568649,0,1.0,8.364143810923003e-05,0.40167282876218463
vyndamax,2023,14937196.96,636.0,1,,23486.158742138367,0,1.0,8.347536260871483e-05,0.4016695072521743
olumiant,2023,14774297.19,5925.0,1,,2493.5522683544305,0,1.0,8.25650099229974e-05,0.40165130019845996
iressa,2023,14729640.89,1899.0,1,,7756.5249552396,0,1.0,8.231545166616743e-05,0.4016463090333234
extavia,2023,14720256.07,2473.0,1,,5952.388220784473,0,1.0,8.226300533004323e-05,0.4016452601066009
myalept,2023,14564132.65,122.0,1,,119378.13647540983,0,1.0,8.139052174887924e-05,0.4016278104349776
alunbrig,2023,14483936.9,868.0,1,,16686.563248847928,0,1.0,8.094235404185532e-05,0.4016188470808371
vimizim,2023,14364698.82,163.0,1,,88126.98662576688,0,1.0,8.027600131239604e-05,0.40160552002624794
ulticare pen needle,2023,14181250.92,312537.0,1,,45.37463058773841,0,1.0,7.925081700148987e-05,0.4015850163400298
regranex,2023,14100630.87,9639.0,1,,1462.872794895736,0,1.0,7.880027812694036e-05,0.4015760055625388
apidra solostar,2023,14012558.62,15651.0,1,,895.3139492684173,0,1.0,7.830809321271563e-05,0.4015661618642543
pifeltro,2023,13972657.5,9541.0,1,,1464.4856409181427,0,1.0,7.808510890920721e-05,0.40156170217818415
